{
    "pyBKT": {
        "auc": [
            0.6915214800522105,
            0.670372709344324,
            0.6004866929070373,
            0.6247391166859912,
            0.7567905022908354,
            0.6300483403158234,
            0.696470342522974,
            0.7420969287827645,
            0.7058425942882478
        ],
        "accuracy": [
            0.6630434782608695,
            0.6472545757071547,
            0.5807067812798472,
            0.7724137931034483,
            0.7941176470588235,
            0.7446224256292906,
            0.6567375886524822,
            0.768715763846622,
            0.7487586891757696
        ]
    },
    "myBKT": {
        "auc": [
            0.6902474320413143,
            0.6706275344013828,
            0.5971040306088792,
            0.6243090544956256,
            0.7561027225496524,
            0.6271162316038242,
            0.7007800751879698,
            0.7441034295953661,
            0.7154250320478838
        ],
        "accuracy": [
            0.6663879598662207,
            0.64891846921797,
            0.5644699140401146,
            0.7706896551724138,
            0.7901069518716578,
            0.7469107551487414,
            0.6312056737588653,
            0.768715763846622,
            0.7522343594836147
        ]
    }
}