{
    "pyBKT": {
        "auc": [
            0.7025793087792975,
            0.6712368986682621,
            0.6018939976984703,
            0.6291746600611363,
            0.7714031764842817,
            0.671268664733054,
            0.6999122807017544,
            0.7429449514522648,
            0.7095732812213857
        ],
        "accuracy": [
            0.6705685618729097,
            0.6472545757071547,
            0.5797516714422158,
            0.7767241379310345,
            0.7901069518716578,
            0.7491990846681922,
            0.6638297872340425,
            0.768715763846622,
            0.7507447864945382
        ]
    },
    "myBKT": {
        "auc": [
            0.7028942738777594,
            0.6717964058587604,
            0.5736801020295974,
            0.6255317803309792,
            0.7087252796089178,
            0.6678880653131378,
            0.700532581453634,
            0.7414947701796057,
            0.718859938699386
        ],
        "accuracy": [
            0.669732441471572,
            0.5973377703826955,
            0.542502387774594,
            0.7706896551724138,
            0.6270053475935828,
            0.7501144164759725,
            0.6347517730496454,
            0.7717589774802192,
            0.7517378351539226
        ]
    }
}