{
    "pyBKT": {
        "auc": [
            0.6405523653267705,
            0.7025679586856591,
            0.6518599149071533,
            0.7007154030180346,
            0.8342548295267392
        ],
        "accuracy": [
            0.7804878048780488,
            0.669732441471572,
            0.7171428571428572,
            0.7623456790123457,
            0.8089089735313105
        ]
    },
    "myBKT": {
        "auc": [
            0.6319387476073284,
            0.7028942738777594,
            0.5879259612708259,
            0.7065335979809664,
            0.827011787099569
        ],
        "accuracy": [
            0.7719512195121951,
            0.669732441471572,
            0.5457142857142857,
            0.7692901234567902,
            0.7994404992468259
        ]
    }
}
