{
    "pyBKT": {
        "auc": [
            0.7029027864479882,
            0.6712368986682621,
            0.6130864686178361,
            0.629798671866765,
            0.7719110753700785,
            0.671285315286282,
            0.6997921888053467,
            0.7429428678584823,
            0.7117178388642037
        ],
        "accuracy": [
            0.6705685618729097,
            0.6472545757071547,
            0.5711556829035339,
            0.7767241379310345,
            0.7901069518716578,
            0.7491990846681922,
            0.6617021276595745,
            0.768715763846622,
            0.7497517378351539
        ]
    },
    "myBKT": {
        "auc": [
            0.7028942738777594,
            0.6717964058587604,
            0.5736801020295974,
            0.6255317803309792,
            0.7087252796089178,
            0.6678880653131378,
            0.700532581453634,
            0.7414947701796057,
            0.718859938699386
        ],
        "accuracy": [
            0.669732441471572,
            0.5973377703826955,
            0.542502387774594,
            0.7706896551724138,
            0.6270053475935828,
            0.7501144164759725,
            0.6347517730496454,
            0.7717589774802192,
            0.7517378351539226
        ]
    }
}