{
    "pyBKT": {
        "auc": [
            0.6338785206453377,
            0.6915186425288009,
            0.63073581454531,
            0.7073929360113572,
            0.729214494469276
        ],
        "accuracy": [
            0.774390243902439,
            0.6630434782608695,
            0.7242857142857143,
            0.7646604938271605,
            0.7925543361308371
        ]
    },
    "myBKT": {
        "auc": [
            0.6323916461580531,
            0.6902474320413143,
            0.6315410155473379,
            0.7013364924549135,
            0.7158538186050318
        ],
        "accuracy": [
            0.7719512195121951,
            0.6663879598662207,
            0.72,
            0.7692901234567902,
            0.793845491715085
        ]
    }
}
