{"SAINT": [{"testauc": 0.9545465287310759, "testacc": 0.8676857706944404, "window_testauc": 0.9515404088608334, "window_testacc": 0.8643310793307667}],
"AKT": [{"testauc": 0.9545120176910817, "testacc": 0.8658652608086068, "window_testauc": 0.9547403865730962, "window_testacc": 0.8663516422656745}],
"DKT": [{"testauc": 0.9444541114774658, "testacc": 0.8511509628315546, "window_testauc": 0.944495481406419, "window_testacc": 0.851248336295992}]}
