{
    "auc": [
        0.9556947017749213,
        0.9537197598418289,
        0.9556989306735206,
        0.9545120176910817,
        0.9545852051156806,
        0.9551695243957574,
        0.9548991894581479,
        0.95463885738789,
        0.954812143271168,
        0.9549241133552898
    ],
    "accuracy": [
        0.8678579024972332,
        0.8640771333163368,
        0.8671348400417618,
        0.8658652608086068,
        0.8659939796430608,
        0.8664010201967522,
        0.866767104860012,
        0.8661348366395434,
        0.866927153910629,
        0.866679677428596
    ]
}