{
    "auc": [
        0.9456725867701682,
        0.9450740967519731,
        0.9446581152215581,
        0.9444541114774658,
        0.9453058664756592,
        0.9455548290559104,
        0.9447244224107365,
        0.9454382580455191,
        0.9452378438861742,
        0.945586531171196
    ],
    "accuracy": [
        0.8517937033819177,
        0.8504917997714384,
        0.8493123853301683,
        0.8511509628315546,
        0.8517527587305072,
        0.8519857401070207,
        0.85066436057674,
        0.8513357797514581,
        0.8514648369142851,
        0.8515179620133497
    ]
}