{
    "auc": [
        0.9458102852692452,
        0.9450267581121109,
        0.9460615133097678,
        0.9443150551238297,
        0.9446903403209945,
        0.9451964328928246,
        0.945453843189066,
        0.9450208893512655,
        0.9451923220747794,
        0.9448009795726902
    ],
    "accuracy": [
        0.8538035308071394,
        0.8520250526387103,
        0.8534849745457682,
        0.8520147214512576,
        0.8524544739744612,
        0.8524626177905739,
        0.8527565207774714,
        0.8518161995426262,
        0.8522689132943619,
        0.8525421118973272
    ]
}