{
    "auc": [
        0.9501010925126976,
        0.8927259401597,
        0.9524380093945967,
        0.9545465287310759,
        0.9532043249145166,
        0.9525379535475746,
        0.9323369856114275,
        0.9537791487223763,
        0.9534631233947055,
        0.9537189834481795
    ],
    "accuracy": [
        0.8610479222169748,
        0.8300549653324395,
        0.8655265423036215,
        0.8676857706944404,
        0.8675665414974604,
        0.8637665835553999,
        0.8363745800722647,
        0.8671789962594622,
        0.86610333458372,
        0.8665221159079841
    ]
}